<?xml version="1.0" encoding="utf-8"?>
<!--/1221937/1780402/2.50/2/2/Capacitor/-->
<quadcept_library>
  <setting unit="mil" />
  <textstyle name="Default" height="47.244094488189" strokewidth="7.8740157480315" charwidth="47.244094488189" />
  <textstyle name="Dimension" height="19.6850393700787" strokewidth="0" charwidth="19.6850393700787" />
  <textstyle name="H127W0635TH00762" height="50" strokewidth="3" charwidth="25" />
  <textstyle name="H15W15TH02" height="59.0551181102362" strokewidth="7.8740157480315" charwidth="59.0551181102362" />
  <padstyle name="r243_237" surface="True" plated="False" isvia="False" nopaste="False" nomask="True" complex="False" holesize="0">
    <padshape layer="TOP" shape="rectangle" width="93.307086614172" height="95.669291338582" />
    <padshape layer="TOP_SOLDER_MASK" shape="rectangle" width="101.1811023622" height="103.54330708661" />
    <padshape layer="TOP_SOLDER_PASTE" shape="rectangle" width="93.307086614172" height="95.669291338582" />
  </padstyle>
  <footprint name="T520D" originx="0" originy="0" pickpointx="0" pickpointy="0">
    <pcbpin number="1" name="1" style="r243_237" originx="-122.83464566929" originy="0" rotation="0" />
    <pcbpin number="2" name="2" style="r243_237" originx="122.83464566929" originy="0" rotation="0" />
    <line layer="TOP_ASSEMBLY" originx="-143.70078740157" originy="84.645669291338" endx="143.70078740157" endy="84.645669291338" width="7.8740157480314" />
    <line layer="TOP_ASSEMBLY" originx="143.70078740157" originy="84.645669291338" endx="143.70078740157" endy="-84.645669291338" width="7.8740157480314" />
    <line layer="TOP_ASSEMBLY" originx="143.70078740157" originy="-84.645669291338" endx="-143.70078740157" endy="-84.645669291338" width="7.8740157480314" />
    <line layer="TOP_ASSEMBLY" originx="-143.70078740157" originy="-84.645669291338" endx="-143.70078740157" endy="84.645669291338" width="7.8740157480314" />
    <line layer="TOP_SILKSCREEN" originx="-143.70078740157" originy="84.645669291338" endx="143.70078740157" endy="84.645669291338" width="3.9370078740157" />
    <line layer="TOP_SILKSCREEN" originx="143.70078740157" originy="-84.645669291338" endx="-143.70078740157" endy="-84.645669291338" width="3.9370078740157" />
    <arc layer="TOP_SILKSCREEN" originx="-185.82677165354" originy="0" startangle="180" sweepangle="180" radius="1.9685039370078" width="7.8740157480314" />
    <arc layer="TOP_SILKSCREEN" originx="-185.82677165354" originy="0" startangle="180" sweepangle="-180" radius="1.9685039370078" width="7.8740157480314" />
    <line layer="TOP_PLACE_BOUND" originx="-200.9842519685" originy="124.01574803149" endx="200.9842519685" endy="124.01574803149" width="1.9685039370079" />
    <line layer="TOP_PLACE_BOUND" originx="200.9842519685" originy="124.01574803149" endx="200.9842519685" endy="-124.01574803149" width="1.9685039370079" />
    <line layer="TOP_PLACE_BOUND" originx="200.9842519685" originy="-124.01574803149" endx="-200.9842519685" endy="-124.01574803149" width="1.9685039370079" />
    <line layer="TOP_PLACE_BOUND" originx="-200.9842519685" originy="-124.01574803149" endx="-200.9842519685" endy="124.01574803149" width="1.9685039370079" />
  </footprint>
  <symbol name="T520D686M016ATE050" originx="0" originy="0">
    <line originx="220" originy="100" endx="220" endy="-100" width="0" />
    <line originx="280" originy="100" endx="280" endy="-100" width="0" />
    <line originx="200" originy="0" endx="220" endy="0" width="0" />
    <line originx="280" originy="0" endx="300" endy="0" width="0" />
    <sympin number="1" originx="200" originy="0" rotation="180" length="100" width="7.8740157480315" flipped="False">
      <text name="pinname" originx="0" originy="-10" style="Default" rotation="0" justify="upperleft" flipped="False" hidden="True" data="+" />
      <text name="pindes" originx="0" originy="10" style="Default" rotation="0" justify="lowerleft" flipped="False" hidden="False" data="1" />
    </sympin>
    <sympin number="2" originx="300" originy="0" rotation="0" length="100" width="7.8740157480315" flipped="False">
      <text name="pinname" originx="500" originy="-10" style="Default" rotation="0" justify="upperright" flipped="False" hidden="True" data="-" />
      <text name="pindes" originx="500" originy="10" style="Default" rotation="0" justify="lowerright" flipped="False" hidden="False" data="2" />
    </sympin>
  </symbol>
  <component name="T520D686M016ATE050" designatorprefix="C" height="122.04724409449" footprint="T520D">
    <comppin designator="1" sympin="1" pinswap="0" gateswap="0" gate="1" group="1" side="" type="Any" name="+" />
    <comppin designator="2" sympin="2" pinswap="0" gateswap="0" gate="1" group="1" side="" type="Any" name="-" />
    <attached_symbol gate="1" name="T520D686M016ATE050" />
    <pinmap designator="1" footprintpin="1" />
    <pinmap designator="2" footprintpin="2" />
    <text name="Datasheet" originx="0" originy="0" style="Default" rotation="0" justify="" flipped="False" hidden="True" data="https://content.kemet.com/datasheets/KEM_T2076_T52X-530.pdf" />
    <text name="Description" originx="0" originy="0" style="Default" rotation="0" justify="" flipped="False" hidden="True" data="T520, Tantalum, Polymer Tantalum, Commercial Grade, 68 uF, 20%, 16 VDC, 105C, -55C, 105C, SMD, Polymer, Molded, Low ESR, Non-Combustible, 2,000 Hrs, 10 % , 50 mOhms, 108.8 uA, 434.83 mg, 7343, 2.8mm, Height Max = 3.1mm, 500, 52  Weeks" />
    <text name="Mouser Part Number" originx="0" originy="0" style="Default" rotation="0" justify="" flipped="False" hidden="True" data="80-T520D686M16ATE50" />
    <text name="Mouser Price/Stock" originx="0" originy="0" style="Default" rotation="0" justify="" flipped="False" hidden="True" data="https://www.mouser.co.uk/ProductDetail/KEMET/T520D686M016ATE050?qs=QXs58j9tPLul3J3qFuuGCw%3D%3D" />
    <text name="Manufacturer_Name" originx="0" originy="0" style="Default" rotation="0" justify="" flipped="False" hidden="True" data="KEMET" />
    <text name="Manufacturer_Part_Number" originx="350" originy="150" style="Default" rotation="0" justify="left" flipped="False" hidden="False" data="T520D686M016ATE050" />
  </component>
</quadcept_library>
