<?xml version="1.0" encoding="utf-8"?>
<!--/238101/1780402/2.50/20/3/Integrated Circuit/-->
<quadcept_library>
  <setting unit="mil" />
  <textstyle name="Default" height="47.244094488189" strokewidth="7.8740157480315" charwidth="47.244094488189" />
  <textstyle name="Dimension" height="19.6850393700787" strokewidth="0" charwidth="19.6850393700787" />
  <textstyle name="H127W0635TH00762" height="50" strokewidth="3" charwidth="25" />
  <textstyle name="H15W15TH02" height="59.0551181102362" strokewidth="7.8740157480315" charwidth="59.0551181102362" />
  <padstyle name="r152.6_43.5" surface="True" plated="False" isvia="False" nopaste="False" nomask="True" complex="False" holesize="0">
    <padshape layer="TOP" shape="rectangle" width="17.125984251968" height="60.07874015748" />
    <padshape layer="TOP_SOLDER_MASK" shape="rectangle" width="25" height="67.952755905511" />
    <padshape layer="TOP_SOLDER_PASTE" shape="rectangle" width="17.125984251968" height="60.07874015748" />
  </padstyle>
  <footprint name="SOP64P599X175-20N" originx="0" originy="0" pickpointx="0" pickpointy="0">
    <pcbpin number="1" name="1" style="r152.6_43.5" originx="-106.77165354331" originy="112.51968503937" rotation="90" />
    <pcbpin number="2" name="2" style="r152.6_43.5" originx="-106.77165354331" originy="87.480314960629" rotation="90" />
    <pcbpin number="3" name="3" style="r152.6_43.5" originx="-106.77165354331" originy="62.519685039369" rotation="90" />
    <pcbpin number="4" name="4" style="r152.6_43.5" originx="-106.77165354331" originy="37.480314960629" rotation="90" />
    <pcbpin number="5" name="5" style="r152.6_43.5" originx="-106.77165354331" originy="12.51968503937" rotation="90" />
    <pcbpin number="6" name="6" style="r152.6_43.5" originx="-106.77165354331" originy="-12.51968503937" rotation="90" />
    <pcbpin number="7" name="7" style="r152.6_43.5" originx="-106.77165354331" originy="-37.480314960629" rotation="90" />
    <pcbpin number="8" name="8" style="r152.6_43.5" originx="-106.77165354331" originy="-62.519685039369" rotation="90" />
    <pcbpin number="9" name="9" style="r152.6_43.5" originx="-106.77165354331" originy="-87.480314960629" rotation="90" />
    <pcbpin number="10" name="10" style="r152.6_43.5" originx="-106.77165354331" originy="-112.51968503937" rotation="90" />
    <pcbpin number="11" name="11" style="r152.6_43.5" originx="106.77165354331" originy="-112.51968503937" rotation="90" />
    <pcbpin number="12" name="12" style="r152.6_43.5" originx="106.77165354331" originy="-87.480314960629" rotation="90" />
    <pcbpin number="13" name="13" style="r152.6_43.5" originx="106.77165354331" originy="-62.519685039369" rotation="90" />
    <pcbpin number="14" name="14" style="r152.6_43.5" originx="106.77165354331" originy="-37.480314960629" rotation="90" />
    <pcbpin number="15" name="15" style="r152.6_43.5" originx="106.77165354331" originy="-12.51968503937" rotation="90" />
    <pcbpin number="16" name="16" style="r152.6_43.5" originx="106.77165354331" originy="12.51968503937" rotation="90" />
    <pcbpin number="17" name="17" style="r152.6_43.5" originx="106.77165354331" originy="37.480314960629" rotation="90" />
    <pcbpin number="18" name="18" style="r152.6_43.5" originx="106.77165354331" originy="62.519685039369" rotation="90" />
    <pcbpin number="19" name="19" style="r152.6_43.5" originx="106.77165354331" originy="87.480314960629" rotation="90" />
    <pcbpin number="20" name="20" style="r152.6_43.5" originx="106.77165354331" originy="112.51968503937" rotation="90" />
    <line layer="TOP_PLACE_BOUND" originx="-146.65354330708" originy="181.85039370079" endx="146.65354330708" endy="181.85039370079" width="1.9685039370079" />
    <line layer="TOP_PLACE_BOUND" originx="146.65354330708" originy="181.85039370079" endx="146.65354330708" endy="-181.85039370079" width="1.9685039370079" />
    <line layer="TOP_PLACE_BOUND" originx="146.65354330708" originy="-181.85039370079" endx="-146.65354330708" endy="-181.85039370079" width="1.9685039370079" />
    <line layer="TOP_PLACE_BOUND" originx="-146.65354330708" originy="-181.85039370079" endx="-146.65354330708" endy="181.85039370079" width="1.9685039370079" />
    <line layer="TOP_ASSEMBLY" originx="-76.771653543306" originy="170.23622047244" endx="76.771653543306" endy="170.23622047244" width="3.9370078740157" />
    <line layer="TOP_ASSEMBLY" originx="76.771653543306" originy="170.23622047244" endx="76.771653543306" endy="-170.23622047244" width="3.9370078740157" />
    <line layer="TOP_ASSEMBLY" originx="76.771653543306" originy="-170.23622047244" endx="-76.771653543306" endy="-170.23622047244" width="3.9370078740157" />
    <line layer="TOP_ASSEMBLY" originx="-76.771653543306" originy="-170.23622047244" endx="-76.771653543306" endy="170.23622047244" width="3.9370078740157" />
    <line layer="TOP_ASSEMBLY" originx="-76.771653543306" originy="145.27559055118" endx="-51.732283464566" endy="170.23622047244" width="3.9370078740157" />
    <line layer="TOP_SILKSCREEN" originx="-62.992125984251" originy="170.23622047244" endx="62.992125984251" endy="170.23622047244" width="7.8740157480314" />
    <line layer="TOP_SILKSCREEN" originx="62.992125984251" originy="170.23622047244" endx="62.992125984251" endy="-170.23622047244" width="7.8740157480314" />
    <line layer="TOP_SILKSCREEN" originx="62.992125984251" originy="-170.23622047244" endx="-62.992125984251" endy="-170.23622047244" width="7.8740157480314" />
    <line layer="TOP_SILKSCREEN" originx="-62.992125984251" originy="-170.23622047244" endx="-62.992125984251" endy="170.23622047244" width="7.8740157480314" />
    <line layer="TOP_SILKSCREEN" originx="-136.81102362205" originy="134.84251968504" endx="-76.771653543306" endy="134.84251968504" width="7.8740157480314" />
  </footprint>
  <symbol name="FT231XS-R" originx="0" originy="0">
    <line originx="200" originy="500" endx="1100" endy="500" width="0" />
    <line originx="1100" originy="-1700" endx="1100" endy="500" width="0" />
    <line originx="1100" originy="-1700" endx="200" endy="-1700" width="0" />
    <line originx="200" originy="500" endx="200" endy="-1700" width="0" />
    <sympin number="1" originx="1100" originy="-400" rotation="0" length="100" width="7.8740157480315" flipped="False">
      <text name="pinname" originx="1070" originy="-400" style="Default" rotation="0" justify="right" flipped="False" hidden="False" data="DTR#" />
      <text name="pindes" originx="1160" originy="-380" style="Default" rotation="0" justify="lowerleft" flipped="False" hidden="False" data="1" />
    </sympin>
    <sympin number="2" originx="1100" originy="-200" rotation="0" length="100" width="7.8740157480315" flipped="False">
      <text name="pinname" originx="1070" originy="-200" style="Default" rotation="0" justify="right" flipped="False" hidden="False" data="RTS#" />
      <text name="pindes" originx="1160" originy="-180" style="Default" rotation="0" justify="lowerleft" flipped="False" hidden="False" data="2" />
    </sympin>
    <sympin number="3" originx="700" originy="500" rotation="90" length="100" width="7.8740157480315" flipped="False">
      <text name="pinname" originx="700" originy="470" style="Default" rotation="0" justify="right" flipped="False" hidden="False" data="VCCIO" />
      <text name="pindes" originx="680" originy="560" style="Default" rotation="0" justify="lowerleft" flipped="False" hidden="False" data="3" />
    </sympin>
    <sympin number="4" originx="1100" originy="-100" rotation="0" length="100" width="7.8740157480315" flipped="False">
      <text name="pinname" originx="1070" originy="-100" style="Default" rotation="0" justify="right" flipped="False" hidden="False" data="RXD" />
      <text name="pindes" originx="1160" originy="-80" style="Default" rotation="0" justify="lowerleft" flipped="False" hidden="False" data="4" />
    </sympin>
    <sympin number="5" originx="1100" originy="-700" rotation="0" length="100" width="7.8740157480315" flipped="False">
      <text name="pinname" originx="1070" originy="-700" style="Default" rotation="0" justify="right" flipped="False" hidden="False" data="RI#" />
      <text name="pindes" originx="1160" originy="-680" style="Default" rotation="0" justify="lowerleft" flipped="False" hidden="False" data="5" />
    </sympin>
    <sympin number="6" originx="600" originy="-1700" rotation="270" length="100" width="7.8740157480315" flipped="False">
      <text name="pinname" originx="600" originy="-1670" style="Default" rotation="0" justify="left" flipped="False" hidden="False" data="GND_1" />
      <text name="pindes" originx="580" originy="-1760" style="Default" rotation="0" justify="lowerright" flipped="False" hidden="False" data="6" />
    </sympin>
    <sympin number="7" originx="1100" originy="-500" rotation="0" length="100" width="7.8740157480315" flipped="False">
      <text name="pinname" originx="1070" originy="-500" style="Default" rotation="0" justify="right" flipped="False" hidden="False" data="DSR#" />
      <text name="pindes" originx="1160" originy="-480" style="Default" rotation="0" justify="lowerleft" flipped="False" hidden="False" data="7" />
    </sympin>
    <sympin number="8" originx="1100" originy="-600" rotation="0" length="100" width="7.8740157480315" flipped="False">
      <text name="pinname" originx="1070" originy="-600" style="Default" rotation="0" justify="right" flipped="False" hidden="False" data="DCD#" />
      <text name="pindes" originx="1160" originy="-580" style="Default" rotation="0" justify="lowerleft" flipped="False" hidden="False" data="8" />
    </sympin>
    <sympin number="9" originx="1100" originy="-300" rotation="0" length="100" width="7.8740157480315" flipped="False">
      <text name="pinname" originx="1070" originy="-300" style="Default" rotation="0" justify="right" flipped="False" hidden="False" data="CTS#" />
      <text name="pindes" originx="1160" originy="-280" style="Default" rotation="0" justify="lowerleft" flipped="False" hidden="False" data="9" />
    </sympin>
    <sympin number="10" originx="1100" originy="-1100" rotation="0" length="100" width="7.8740157480315" flipped="False">
      <text name="pinname" originx="1070" originy="-1100" style="Default" rotation="0" justify="right" flipped="False" hidden="False" data="CBUS2" />
      <text name="pindes" originx="1160" originy="-1080" style="Default" rotation="0" justify="lowerleft" flipped="False" hidden="False" data="10" />
    </sympin>
    <sympin number="11" originx="200" originy="-300" rotation="180" length="100" width="7.8740157480315" flipped="False">
      <text name="pinname" originx="230" originy="-300" style="Default" rotation="0" justify="left" flipped="False" hidden="False" data="USBDP" />
      <text name="pindes" originx="140" originy="-280" style="Default" rotation="0" justify="lowerright" flipped="False" hidden="False" data="11" />
    </sympin>
    <sympin number="12" originx="200" originy="-200" rotation="180" length="100" width="7.8740157480315" flipped="False">
      <text name="pinname" originx="230" originy="-200" style="Default" rotation="0" justify="left" flipped="False" hidden="False" data="USBDM" />
      <text name="pindes" originx="140" originy="-180" style="Default" rotation="0" justify="lowerright" flipped="False" hidden="False" data="12" />
    </sympin>
    <sympin number="13" originx="200" originy="0" rotation="180" length="100" width="7.8740157480315" flipped="False">
      <text name="pinname" originx="230" originy="0" style="Default" rotation="0" justify="left" flipped="False" hidden="False" data="3V3OUT" />
      <text name="pindes" originx="140" originy="20" style="Default" rotation="0" justify="lowerright" flipped="False" hidden="False" data="13" />
    </sympin>
    <sympin number="14" originx="200" originy="-500" rotation="180" length="100" width="7.8740157480315" flipped="False">
      <text name="pinname" originx="230" originy="-500" style="Default" rotation="0" justify="left" flipped="False" hidden="False" data="RESET#" />
      <text name="pindes" originx="140" originy="-480" style="Default" rotation="0" justify="lowerright" flipped="False" hidden="False" data="14" />
    </sympin>
    <sympin number="15" originx="600" originy="500" rotation="90" length="100" width="7.8740157480315" flipped="False">
      <text name="pinname" originx="600" originy="470" style="Default" rotation="0" justify="right" flipped="False" hidden="False" data="VCC" />
      <text name="pindes" originx="580" originy="560" style="Default" rotation="0" justify="lowerleft" flipped="False" hidden="False" data="15" />
    </sympin>
    <sympin number="16" originx="700" originy="-1700" rotation="270" length="100" width="7.8740157480315" flipped="False">
      <text name="pinname" originx="700" originy="-1670" style="Default" rotation="0" justify="left" flipped="False" hidden="False" data="GND_2" />
      <text name="pindes" originx="680" originy="-1760" style="Default" rotation="0" justify="lowerright" flipped="False" hidden="False" data="16" />
    </sympin>
    <sympin number="17" originx="1100" originy="-1000" rotation="0" length="100" width="7.8740157480315" flipped="False">
      <text name="pinname" originx="1070" originy="-1000" style="Default" rotation="0" justify="right" flipped="False" hidden="False" data="CBUS1" />
      <text name="pindes" originx="1160" originy="-980" style="Default" rotation="0" justify="lowerleft" flipped="False" hidden="False" data="17" />
    </sympin>
    <sympin number="18" originx="1100" originy="-900" rotation="0" length="100" width="7.8740157480315" flipped="False">
      <text name="pinname" originx="1070" originy="-900" style="Default" rotation="0" justify="right" flipped="False" hidden="False" data="CBUS0" />
      <text name="pindes" originx="1160" originy="-880" style="Default" rotation="0" justify="lowerleft" flipped="False" hidden="False" data="18" />
    </sympin>
    <sympin number="19" originx="1100" originy="-1200" rotation="0" length="100" width="7.8740157480315" flipped="False">
      <text name="pinname" originx="1070" originy="-1200" style="Default" rotation="0" justify="right" flipped="False" hidden="False" data="CBUS3" />
      <text name="pindes" originx="1160" originy="-1180" style="Default" rotation="0" justify="lowerleft" flipped="False" hidden="False" data="19" />
    </sympin>
    <sympin number="20" originx="1100" originy="0" rotation="0" length="100" width="7.8740157480315" flipped="False">
      <text name="pinname" originx="1070" originy="0" style="Default" rotation="0" justify="right" flipped="False" hidden="False" data="TXD" />
      <text name="pindes" originx="1160" originy="20" style="Default" rotation="0" justify="lowerleft" flipped="False" hidden="False" data="20" />
    </sympin>
  </symbol>
  <component name="FT231XS-R" designatorprefix="IC" height="69.015748031495" footprint="SOP64P599X175-20N">
    <comppin designator="1" sympin="1" pinswap="0" gateswap="0" gate="1" group="1" side="" type="Any" name="DTR#" />
    <comppin designator="2" sympin="2" pinswap="0" gateswap="0" gate="1" group="1" side="" type="Any" name="RTS#" />
    <comppin designator="3" sympin="3" pinswap="0" gateswap="0" gate="1" group="1" side="" type="Any" name="VCCIO" />
    <comppin designator="4" sympin="4" pinswap="0" gateswap="0" gate="1" group="1" side="" type="Any" name="RXD" />
    <comppin designator="5" sympin="5" pinswap="0" gateswap="0" gate="1" group="1" side="" type="Any" name="RI#" />
    <comppin designator="6" sympin="6" pinswap="0" gateswap="0" gate="1" group="1" side="" type="Any" name="GND_1" />
    <comppin designator="7" sympin="7" pinswap="0" gateswap="0" gate="1" group="1" side="" type="Any" name="DSR#" />
    <comppin designator="8" sympin="8" pinswap="0" gateswap="0" gate="1" group="1" side="" type="Any" name="DCD#" />
    <comppin designator="9" sympin="9" pinswap="0" gateswap="0" gate="1" group="1" side="" type="Any" name="CTS#" />
    <comppin designator="10" sympin="10" pinswap="0" gateswap="0" gate="1" group="1" side="" type="Any" name="CBUS2" />
    <comppin designator="11" sympin="11" pinswap="0" gateswap="0" gate="1" group="1" side="" type="Any" name="USBDP" />
    <comppin designator="12" sympin="12" pinswap="0" gateswap="0" gate="1" group="1" side="" type="Any" name="USBDM" />
    <comppin designator="13" sympin="13" pinswap="0" gateswap="0" gate="1" group="1" side="" type="Any" name="3V3OUT" />
    <comppin designator="14" sympin="14" pinswap="0" gateswap="0" gate="1" group="1" side="" type="Any" name="RESET#" />
    <comppin designator="15" sympin="15" pinswap="0" gateswap="0" gate="1" group="1" side="" type="Any" name="VCC" />
    <comppin designator="16" sympin="16" pinswap="0" gateswap="0" gate="1" group="1" side="" type="Any" name="GND_2" />
    <comppin designator="17" sympin="17" pinswap="0" gateswap="0" gate="1" group="1" side="" type="Any" name="CBUS1" />
    <comppin designator="18" sympin="18" pinswap="0" gateswap="0" gate="1" group="1" side="" type="Any" name="CBUS0" />
    <comppin designator="19" sympin="19" pinswap="0" gateswap="0" gate="1" group="1" side="" type="Any" name="CBUS3" />
    <comppin designator="20" sympin="20" pinswap="0" gateswap="0" gate="1" group="1" side="" type="Any" name="TXD" />
    <attached_symbol gate="1" name="FT231XS-R" />
    <pinmap designator="1" footprintpin="1" />
    <pinmap designator="2" footprintpin="2" />
    <pinmap designator="3" footprintpin="3" />
    <pinmap designator="4" footprintpin="4" />
    <pinmap designator="5" footprintpin="5" />
    <pinmap designator="6" footprintpin="6" />
    <pinmap designator="7" footprintpin="7" />
    <pinmap designator="8" footprintpin="8" />
    <pinmap designator="9" footprintpin="9" />
    <pinmap designator="10" footprintpin="10" />
    <pinmap designator="11" footprintpin="11" />
    <pinmap designator="12" footprintpin="12" />
    <pinmap designator="13" footprintpin="13" />
    <pinmap designator="14" footprintpin="14" />
    <pinmap designator="15" footprintpin="15" />
    <pinmap designator="16" footprintpin="16" />
    <pinmap designator="17" footprintpin="17" />
    <pinmap designator="18" footprintpin="18" />
    <pinmap designator="19" footprintpin="19" />
    <pinmap designator="20" footprintpin="20" />
    <text name="Datasheet" originx="0" originy="0" style="Default" rotation="0" justify="" flipped="False" hidden="True" data="https://datasheet.datasheetarchive.com/originals/distributors/Datasheets_SAMA/824938d1687833d6997706543241551a.pdf" />
    <text name="Description" originx="0" originy="0" style="Default" rotation="0" justify="" flipped="False" hidden="True" data="FTDI Chip FT231XS-R, Interface RS232, RS422, RS485, SIE, UART 3MBd, 5 V, 20-pin, SSOP" />
    <text name="Mouser Part Number" originx="0" originy="0" style="Default" rotation="0" justify="" flipped="False" hidden="True" data="895-FT231XS-R" />
    <text name="Mouser Price/Stock" originx="0" originy="0" style="Default" rotation="0" justify="" flipped="False" hidden="True" data="https://www.mouser.co.uk/ProductDetail/FTDI/FT231XS-R?qs=Gp1Yz1mis3WduRPsgrTbtg%3D%3D" />
    <text name="Manufacturer_Name" originx="0" originy="0" style="Default" rotation="0" justify="" flipped="False" hidden="True" data="FTDI Chip" />
    <text name="Manufacturer_Part_Number" originx="1150" originy="600" style="Default" rotation="0" justify="left" flipped="False" hidden="False" data="FT231XS-R" />
  </component>
</quadcept_library>
