<?xml version="1.0" encoding="utf-8"?>
<!--/414479/1780402/2.50/21/3/Integrated Circuit/-->
<quadcept_library>
  <setting unit="mil" />
  <textstyle name="Default" height="47.244094488189" strokewidth="7.8740157480315" charwidth="47.244094488189" />
  <textstyle name="Dimension" height="19.6850393700787" strokewidth="0" charwidth="19.6850393700787" />
  <textstyle name="H127W0635TH00762" height="50" strokewidth="3" charwidth="25" />
  <textstyle name="H15W15TH02" height="59.0551181102362" strokewidth="7.8740157480315" charwidth="59.0551181102362" />
  <padstyle name="r145_45" surface="True" plated="False" isvia="False" nopaste="False" nomask="True" complex="False" holesize="0">
    <padshape layer="TOP" shape="rectangle" width="17.716535433071" height="57.086614173228" />
    <padshape layer="TOP_SOLDER_MASK" shape="rectangle" width="25.590551181102" height="64.960629921259" />
    <padshape layer="TOP_SOLDER_PASTE" shape="rectangle" width="17.716535433071" height="57.086614173228" />
  </padstyle>
  <padstyle name="r435_315" surface="True" plated="False" isvia="False" nopaste="False" nomask="True" complex="False" holesize="0">
    <padshape layer="TOP" shape="rectangle" width="124.01574803149" height="171.25984251968" />
    <padshape layer="TOP_SOLDER_MASK" shape="rectangle" width="131.88976377953" height="179.13385826771" />
    <padshape layer="TOP_SOLDER_PASTE" shape="rectangle" width="124.01574803149" height="171.25984251968" />
  </padstyle>
  <footprint name="SOP65P640X110-21N" originx="0" originy="0" pickpointx="0" pickpointy="0">
    <pcbpin number="1" name="1" style="r145_45" originx="-115.15748031496" originy="115.15748031496" rotation="90" />
    <pcbpin number="2" name="2" style="r145_45" originx="-115.15748031496" originy="89.566929133857" rotation="90" />
    <pcbpin number="3" name="3" style="r145_45" originx="-115.15748031496" originy="63.976377952755" rotation="90" />
    <pcbpin number="4" name="4" style="r145_45" originx="-115.15748031496" originy="38.385826771653" rotation="90" />
    <pcbpin number="5" name="5" style="r145_45" originx="-115.15748031496" originy="12.795275590551" rotation="90" />
    <pcbpin number="6" name="6" style="r145_45" originx="-115.15748031496" originy="-12.795275590551" rotation="90" />
    <pcbpin number="7" name="7" style="r145_45" originx="-115.15748031496" originy="-38.385826771653" rotation="90" />
    <pcbpin number="8" name="8" style="r145_45" originx="-115.15748031496" originy="-63.976377952755" rotation="90" />
    <pcbpin number="9" name="9" style="r145_45" originx="-115.15748031496" originy="-89.566929133857" rotation="90" />
    <pcbpin number="10" name="10" style="r145_45" originx="-115.15748031496" originy="-115.15748031496" rotation="90" />
    <pcbpin number="11" name="11" style="r145_45" originx="115.15748031496" originy="-115.15748031496" rotation="90" />
    <pcbpin number="12" name="12" style="r145_45" originx="115.15748031496" originy="-89.566929133857" rotation="90" />
    <pcbpin number="13" name="13" style="r145_45" originx="115.15748031496" originy="-63.976377952755" rotation="90" />
    <pcbpin number="14" name="14" style="r145_45" originx="115.15748031496" originy="-38.385826771653" rotation="90" />
    <pcbpin number="15" name="15" style="r145_45" originx="115.15748031496" originy="-12.795275590551" rotation="90" />
    <pcbpin number="16" name="16" style="r145_45" originx="115.15748031496" originy="12.795275590551" rotation="90" />
    <pcbpin number="17" name="17" style="r145_45" originx="115.15748031496" originy="38.385826771653" rotation="90" />
    <pcbpin number="18" name="18" style="r145_45" originx="115.15748031496" originy="63.976377952755" rotation="90" />
    <pcbpin number="19" name="19" style="r145_45" originx="115.15748031496" originy="89.566929133857" rotation="90" />
    <pcbpin number="20" name="20" style="r145_45" originx="115.15748031496" originy="115.15748031496" rotation="90" />
    <pcbpin number="21" name="21" style="r435_315" originx="0" originy="0" rotation="0" />
    <line layer="TOP_PLACE_BOUND" originx="-153.54330708661" originy="139.76377952756" endx="153.54330708661" endy="139.76377952756" width="1.9685039370079" />
    <line layer="TOP_PLACE_BOUND" originx="153.54330708661" originy="139.76377952756" endx="153.54330708661" endy="-139.76377952756" width="1.9685039370079" />
    <line layer="TOP_PLACE_BOUND" originx="153.54330708661" originy="-139.76377952756" endx="-153.54330708661" endy="-139.76377952756" width="1.9685039370079" />
    <line layer="TOP_PLACE_BOUND" originx="-153.54330708661" originy="-139.76377952756" endx="-153.54330708661" endy="139.76377952756" width="1.9685039370079" />
    <line layer="TOP_ASSEMBLY" originx="-86.614173228345" originy="127.95275590551" endx="86.614173228345" endy="127.95275590551" width="3.9370078740157" />
    <line layer="TOP_ASSEMBLY" originx="86.614173228345" originy="127.95275590551" endx="86.614173228345" endy="-127.95275590551" width="3.9370078740157" />
    <line layer="TOP_ASSEMBLY" originx="86.614173228345" originy="-127.95275590551" endx="-86.614173228345" endy="-127.95275590551" width="3.9370078740157" />
    <line layer="TOP_ASSEMBLY" originx="-86.614173228345" originy="-127.95275590551" endx="-86.614173228345" endy="127.95275590551" width="3.9370078740157" />
    <line layer="TOP_ASSEMBLY" originx="-86.614173228345" originy="102.36220472441" endx="-61.023622047243" endy="127.95275590551" width="3.9370078740157" />
    <line layer="TOP_SILKSCREEN" originx="-143.70078740157" originy="137.79527559055" endx="-86.614173228345" endy="137.79527559055" width="7.8740157480314" />
  </footprint>
  <symbol name="LM25576QMH_NOPB" originx="0" originy="0">
    <line originx="200" originy="100" endx="1200" endy="100" width="0" />
    <line originx="1200" originy="-1200" endx="1200" endy="100" width="0" />
    <line originx="1200" originy="-1200" endx="200" endy="-1200" width="0" />
    <line originx="200" originy="100" endx="200" endy="-1200" width="0" />
    <sympin number="1" originx="200" originy="0" rotation="180" length="100" width="7.8740157480315" flipped="False">
      <text name="pinname" originx="230" originy="0" style="Default" rotation="0" justify="left" flipped="False" hidden="False" data="VCC" />
      <text name="pindes" originx="140" originy="20" style="Default" rotation="0" justify="lowerright" flipped="False" hidden="False" data="1" />
    </sympin>
    <sympin number="2" originx="200" originy="-100" rotation="180" length="100" width="7.8740157480315" flipped="False">
      <text name="pinname" originx="230" originy="-100" style="Default" rotation="0" justify="left" flipped="False" hidden="False" data="SD" />
      <text name="pindes" originx="140" originy="-80" style="Default" rotation="0" justify="lowerright" flipped="False" hidden="False" data="2" />
    </sympin>
    <sympin number="3" originx="200" originy="-200" rotation="180" length="100" width="7.8740157480315" flipped="False">
      <text name="pinname" originx="230" originy="-200" style="Default" rotation="0" justify="left" flipped="False" hidden="False" data="VIN_1" />
      <text name="pindes" originx="140" originy="-180" style="Default" rotation="0" justify="lowerright" flipped="False" hidden="False" data="3" />
    </sympin>
    <sympin number="4" originx="200" originy="-300" rotation="180" length="100" width="7.8740157480315" flipped="False">
      <text name="pinname" originx="230" originy="-300" style="Default" rotation="0" justify="left" flipped="False" hidden="False" data="VIN_2" />
      <text name="pindes" originx="140" originy="-280" style="Default" rotation="0" justify="lowerright" flipped="False" hidden="False" data="4" />
    </sympin>
    <sympin number="5" originx="200" originy="-400" rotation="180" length="100" width="7.8740157480315" flipped="False">
      <text name="pinname" originx="230" originy="-400" style="Default" rotation="0" justify="left" flipped="False" hidden="False" data="SYNC" />
      <text name="pindes" originx="140" originy="-380" style="Default" rotation="0" justify="lowerright" flipped="False" hidden="False" data="5" />
    </sympin>
    <sympin number="6" originx="200" originy="-500" rotation="180" length="100" width="7.8740157480315" flipped="False">
      <text name="pinname" originx="230" originy="-500" style="Default" rotation="0" justify="left" flipped="False" hidden="False" data="COMP" />
      <text name="pindes" originx="140" originy="-480" style="Default" rotation="0" justify="lowerright" flipped="False" hidden="False" data="6" />
    </sympin>
    <sympin number="7" originx="200" originy="-600" rotation="180" length="100" width="7.8740157480315" flipped="False">
      <text name="pinname" originx="230" originy="-600" style="Default" rotation="0" justify="left" flipped="False" hidden="False" data="FB" />
      <text name="pindes" originx="140" originy="-580" style="Default" rotation="0" justify="lowerright" flipped="False" hidden="False" data="7" />
    </sympin>
    <sympin number="8" originx="200" originy="-700" rotation="180" length="100" width="7.8740157480315" flipped="False">
      <text name="pinname" originx="230" originy="-700" style="Default" rotation="0" justify="left" flipped="False" hidden="False" data="RT" />
      <text name="pindes" originx="140" originy="-680" style="Default" rotation="0" justify="lowerright" flipped="False" hidden="False" data="8" />
    </sympin>
    <sympin number="9" originx="200" originy="-800" rotation="180" length="100" width="7.8740157480315" flipped="False">
      <text name="pinname" originx="230" originy="-800" style="Default" rotation="0" justify="left" flipped="False" hidden="False" data="RAMP" />
      <text name="pindes" originx="140" originy="-780" style="Default" rotation="0" justify="lowerright" flipped="False" hidden="False" data="9" />
    </sympin>
    <sympin number="10" originx="200" originy="-900" rotation="180" length="100" width="7.8740157480315" flipped="False">
      <text name="pinname" originx="230" originy="-900" style="Default" rotation="0" justify="left" flipped="False" hidden="False" data="AGND" />
      <text name="pindes" originx="140" originy="-880" style="Default" rotation="0" justify="lowerright" flipped="False" hidden="False" data="10" />
    </sympin>
    <sympin number="21" originx="700" originy="-1200" rotation="270" length="100" width="7.8740157480315" flipped="False">
      <text name="pinname" originx="700" originy="-1170" style="Default" rotation="0" justify="left" flipped="False" hidden="False" data="EP" />
      <text name="pindes" originx="680" originy="-1260" style="Default" rotation="0" justify="lowerright" flipped="False" hidden="False" data="21" />
    </sympin>
    <sympin number="20" originx="1200" originy="0" rotation="0" length="100" width="7.8740157480315" flipped="False">
      <text name="pinname" originx="1170" originy="0" style="Default" rotation="0" justify="right" flipped="False" hidden="False" data="BST" />
      <text name="pindes" originx="1260" originy="20" style="Default" rotation="0" justify="lowerleft" flipped="False" hidden="False" data="20" />
    </sympin>
    <sympin number="19" originx="1200" originy="-100" rotation="0" length="100" width="7.8740157480315" flipped="False">
      <text name="pinname" originx="1170" originy="-100" style="Default" rotation="0" justify="right" flipped="False" hidden="False" data="PRE" />
      <text name="pindes" originx="1260" originy="-80" style="Default" rotation="0" justify="lowerleft" flipped="False" hidden="False" data="19" />
    </sympin>
    <sympin number="18" originx="1200" originy="-200" rotation="0" length="100" width="7.8740157480315" flipped="False">
      <text name="pinname" originx="1170" originy="-200" style="Default" rotation="0" justify="right" flipped="False" hidden="False" data="SW_2" />
      <text name="pindes" originx="1260" originy="-180" style="Default" rotation="0" justify="lowerleft" flipped="False" hidden="False" data="18" />
    </sympin>
    <sympin number="17" originx="1200" originy="-300" rotation="0" length="100" width="7.8740157480315" flipped="False">
      <text name="pinname" originx="1170" originy="-300" style="Default" rotation="0" justify="right" flipped="False" hidden="False" data="SW_1" />
      <text name="pindes" originx="1260" originy="-280" style="Default" rotation="0" justify="lowerleft" flipped="False" hidden="False" data="17" />
    </sympin>
    <sympin number="16" originx="1200" originy="-400" rotation="0" length="100" width="7.8740157480315" flipped="False">
      <text name="pinname" originx="1170" originy="-400" style="Default" rotation="0" justify="right" flipped="False" hidden="False" data="IS_2" />
      <text name="pindes" originx="1260" originy="-380" style="Default" rotation="0" justify="lowerleft" flipped="False" hidden="False" data="16" />
    </sympin>
    <sympin number="15" originx="1200" originy="-500" rotation="0" length="100" width="7.8740157480315" flipped="False">
      <text name="pinname" originx="1170" originy="-500" style="Default" rotation="0" justify="right" flipped="False" hidden="False" data="IS_1" />
      <text name="pindes" originx="1260" originy="-480" style="Default" rotation="0" justify="lowerleft" flipped="False" hidden="False" data="15" />
    </sympin>
    <sympin number="14" originx="1200" originy="-600" rotation="0" length="100" width="7.8740157480315" flipped="False">
      <text name="pinname" originx="1170" originy="-600" style="Default" rotation="0" justify="right" flipped="False" hidden="False" data="PGND_2" />
      <text name="pindes" originx="1260" originy="-580" style="Default" rotation="0" justify="lowerleft" flipped="False" hidden="False" data="14" />
    </sympin>
    <sympin number="13" originx="1200" originy="-700" rotation="0" length="100" width="7.8740157480315" flipped="False">
      <text name="pinname" originx="1170" originy="-700" style="Default" rotation="0" justify="right" flipped="False" hidden="False" data="PGND_1" />
      <text name="pindes" originx="1260" originy="-680" style="Default" rotation="0" justify="lowerleft" flipped="False" hidden="False" data="13" />
    </sympin>
    <sympin number="12" originx="1200" originy="-800" rotation="0" length="100" width="7.8740157480315" flipped="False">
      <text name="pinname" originx="1170" originy="-800" style="Default" rotation="0" justify="right" flipped="False" hidden="False" data="OUT" />
      <text name="pindes" originx="1260" originy="-780" style="Default" rotation="0" justify="lowerleft" flipped="False" hidden="False" data="12" />
    </sympin>
    <sympin number="11" originx="1200" originy="-900" rotation="0" length="100" width="7.8740157480315" flipped="False">
      <text name="pinname" originx="1170" originy="-900" style="Default" rotation="0" justify="right" flipped="False" hidden="False" data="SS" />
      <text name="pindes" originx="1260" originy="-880" style="Default" rotation="0" justify="lowerleft" flipped="False" hidden="False" data="11" />
    </sympin>
  </symbol>
  <component name="LM25576QMH_NOPB" designatorprefix="IC" height="43.307086614173" footprint="SOP65P640X110-21N">
    <comppin designator="1" sympin="1" pinswap="0" gateswap="0" gate="1" group="1" side="" type="Any" name="VCC" />
    <comppin designator="2" sympin="2" pinswap="0" gateswap="0" gate="1" group="1" side="" type="Any" name="SD" />
    <comppin designator="3" sympin="3" pinswap="0" gateswap="0" gate="1" group="1" side="" type="Any" name="VIN_1" />
    <comppin designator="4" sympin="4" pinswap="0" gateswap="0" gate="1" group="1" side="" type="Any" name="VIN_2" />
    <comppin designator="5" sympin="5" pinswap="0" gateswap="0" gate="1" group="1" side="" type="Any" name="SYNC" />
    <comppin designator="6" sympin="6" pinswap="0" gateswap="0" gate="1" group="1" side="" type="Any" name="COMP" />
    <comppin designator="7" sympin="7" pinswap="0" gateswap="0" gate="1" group="1" side="" type="Any" name="FB" />
    <comppin designator="8" sympin="8" pinswap="0" gateswap="0" gate="1" group="1" side="" type="Any" name="RT" />
    <comppin designator="9" sympin="9" pinswap="0" gateswap="0" gate="1" group="1" side="" type="Any" name="RAMP" />
    <comppin designator="10" sympin="10" pinswap="0" gateswap="0" gate="1" group="1" side="" type="Any" name="AGND" />
    <comppin designator="11" sympin="11" pinswap="0" gateswap="0" gate="1" group="1" side="" type="Any" name="SS" />
    <comppin designator="12" sympin="12" pinswap="0" gateswap="0" gate="1" group="1" side="" type="Any" name="OUT" />
    <comppin designator="13" sympin="13" pinswap="0" gateswap="0" gate="1" group="1" side="" type="Any" name="PGND_1" />
    <comppin designator="14" sympin="14" pinswap="0" gateswap="0" gate="1" group="1" side="" type="Any" name="PGND_2" />
    <comppin designator="15" sympin="15" pinswap="0" gateswap="0" gate="1" group="1" side="" type="Any" name="IS_1" />
    <comppin designator="16" sympin="16" pinswap="0" gateswap="0" gate="1" group="1" side="" type="Any" name="IS_2" />
    <comppin designator="17" sympin="17" pinswap="0" gateswap="0" gate="1" group="1" side="" type="Any" name="SW_1" />
    <comppin designator="18" sympin="18" pinswap="0" gateswap="0" gate="1" group="1" side="" type="Any" name="SW_2" />
    <comppin designator="19" sympin="19" pinswap="0" gateswap="0" gate="1" group="1" side="" type="Any" name="PRE" />
    <comppin designator="20" sympin="20" pinswap="0" gateswap="0" gate="1" group="1" side="" type="Any" name="BST" />
    <comppin designator="21" sympin="21" pinswap="0" gateswap="0" gate="1" group="1" side="" type="Any" name="EP" />
    <attached_symbol gate="1" name="LM25576QMH_NOPB" />
    <pinmap designator="1" footprintpin="1" />
    <pinmap designator="2" footprintpin="2" />
    <pinmap designator="3" footprintpin="3" />
    <pinmap designator="4" footprintpin="4" />
    <pinmap designator="5" footprintpin="5" />
    <pinmap designator="6" footprintpin="6" />
    <pinmap designator="7" footprintpin="7" />
    <pinmap designator="8" footprintpin="8" />
    <pinmap designator="9" footprintpin="9" />
    <pinmap designator="10" footprintpin="10" />
    <pinmap designator="11" footprintpin="11" />
    <pinmap designator="12" footprintpin="12" />
    <pinmap designator="13" footprintpin="13" />
    <pinmap designator="14" footprintpin="14" />
    <pinmap designator="15" footprintpin="15" />
    <pinmap designator="16" footprintpin="16" />
    <pinmap designator="17" footprintpin="17" />
    <pinmap designator="18" footprintpin="18" />
    <pinmap designator="19" footprintpin="19" />
    <pinmap designator="20" footprintpin="20" />
    <pinmap designator="21" footprintpin="21" />
    <text name="Datasheet" originx="0" originy="0" style="Default" rotation="0" justify="" flipped="False" hidden="True" data="http://www.ti.com/lit/gpn/lm25576-q1" />
    <text name="Description" originx="0" originy="0" style="Default" rotation="0" justify="" flipped="False" hidden="True" data="Texas Instruments, LM25576QMH/NOPB Step-Down Switching Regulator 3A Adjustable, 1.225  40 V, 20-Pin HTSSOP" />
    <text name="Mouser Part Number" originx="0" originy="0" style="Default" rotation="0" justify="" flipped="False" hidden="True" data="926-LM25576QMH/NOPB" />
    <text name="Mouser Price/Stock" originx="0" originy="0" style="Default" rotation="0" justify="" flipped="False" hidden="True" data="https://www.mouser.co.uk/ProductDetail/Texas-Instruments/LM25576QMH-NOPB?qs=X1J7HmVL2ZGNdbTbFc93WQ%3D%3D" />
    <text name="Manufacturer_Name" originx="0" originy="0" style="Default" rotation="0" justify="" flipped="False" hidden="True" data="Texas Instruments" />
    <text name="Manufacturer_Part_Number" originx="1250" originy="200" style="Default" rotation="0" justify="left" flipped="False" hidden="False" data="LM25576QMH/NOPB" />
  </component>
</quadcept_library>
