<?xml version="1.0" encoding="utf-8"?>
<!--/173757/1780402/2.50/2/2/Capacitor Polarised/-->
<quadcept_library>
  <setting unit="mil" />
  <textstyle name="Default" height="47.244094488189" strokewidth="7.8740157480315" charwidth="47.244094488189" />
  <textstyle name="Dimension" height="19.6850393700787" strokewidth="0" charwidth="19.6850393700787" />
  <textstyle name="H127W0635TH00762" height="50" strokewidth="3" charwidth="25" />
  <textstyle name="H15W15TH02" height="59.0551181102362" strokewidth="7.8740157480315" charwidth="59.0551181102362" />
  <padstyle name="r280_240" surface="True" plated="False" isvia="False" nopaste="False" nomask="True" complex="False" holesize="0">
    <padshape layer="TOP" shape="rectangle" width="94.488188976377" height="110.23622047244" />
    <padshape layer="TOP_SOLDER_MASK" shape="rectangle" width="102.36220472441" height="118.11023622047" />
    <padshape layer="TOP_SOLDER_PASTE" shape="rectangle" width="94.488188976377" height="110.23622047244" />
  </padstyle>
  <footprint name="SX_Package" originx="0" originy="0" pickpointx="0" pickpointy="0">
    <pcbpin number="1" name="1" style="r280_240" originx="125.9842519685" originy="0" rotation="0" />
    <pcbpin number="2" name="2" style="r280_240" originx="-125.9842519685" originy="0" rotation="0" />
    <line layer="TOP_ASSEMBLY" originx="-143.70078740157" originy="84.645669291338" endx="143.70078740157" endy="84.645669291338" width="7.8740157480314" />
    <line layer="TOP_ASSEMBLY" originx="143.70078740157" originy="84.645669291338" endx="143.70078740157" endy="-84.645669291338" width="7.8740157480314" />
    <line layer="TOP_ASSEMBLY" originx="143.70078740157" originy="-84.645669291338" endx="-143.70078740157" endy="-84.645669291338" width="7.8740157480314" />
    <line layer="TOP_ASSEMBLY" originx="-143.70078740157" originy="-84.645669291338" endx="-143.70078740157" endy="84.645669291338" width="7.8740157480314" />
    <line layer="TOP_SILKSCREEN" originx="-143.70078740157" originy="84.645669291338" endx="143.70078740157" endy="84.645669291338" width="3.9370078740157" />
    <line layer="TOP_SILKSCREEN" originx="143.70078740157" originy="-84.645669291338" endx="-143.70078740157" endy="-84.645669291338" width="3.9370078740157" />
    <arc layer="TOP_SILKSCREEN" originx="210.62992125984" originy="0" startangle="180" sweepangle="180" radius="1.9685039370079" width="7.8740157480314" />
    <arc layer="TOP_SILKSCREEN" originx="210.62992125984" originy="0" startangle="180" sweepangle="-180" radius="1.9685039370079" width="7.8740157480314" />
    <line layer="TOP_PLACE_BOUND" originx="-212.59842519685" originy="131.88976377953" endx="253.93700787401" endy="131.88976377953" width="1.9685039370079" />
    <line layer="TOP_PLACE_BOUND" originx="253.93700787401" originy="131.88976377953" endx="253.93700787401" endy="-131.88976377953" width="1.9685039370079" />
    <line layer="TOP_PLACE_BOUND" originx="253.93700787401" originy="-131.88976377953" endx="-212.59842519685" endy="-131.88976377953" width="1.9685039370079" />
    <line layer="TOP_PLACE_BOUND" originx="-212.59842519685" originy="-131.88976377953" endx="-212.59842519685" endy="131.88976377953" width="1.9685039370079" />
  </footprint>
  <symbol name="EEFSX0J151ER" originx="0" originy="0">
    <line originx="200" originy="100" endx="200" endy="-100" width="0" />
    <line originx="230" originy="-100" endx="200" endy="-100" width="0" />
    <line originx="230" originy="-100" endx="230" endy="100" width="0" />
    <line originx="200" originy="100" endx="230" endy="100" width="0" />
    <line originx="180" originy="50" endx="140" endy="50" width="0" />
    <line originx="160" originy="70" endx="160" endy="30" width="0" />
    <line originx="100" originy="0" endx="200" endy="0" width="0" />
    <line originx="300" originy="0" endx="400" endy="0" width="0" />
    <sympin number="1" originx="100" originy="0" rotation="180" length="100" width="7.8740157480315" flipped="False">
      <text name="pinname" originx="0" originy="-10" style="Default" rotation="0" justify="upperleft" flipped="False" hidden="True" data="+" />
      <text name="pindes" originx="0" originy="10" style="Default" rotation="0" justify="lowerleft" flipped="False" hidden="False" data="1" />
    </sympin>
    <sympin number="2" originx="400" originy="0" rotation="0" length="100" width="7.8740157480315" flipped="False">
      <text name="pinname" originx="500" originy="-10" style="Default" rotation="0" justify="upperright" flipped="False" hidden="True" data="-" />
      <text name="pindes" originx="500" originy="10" style="Default" rotation="0" justify="lowerright" flipped="False" hidden="False" data="2" />
    </sympin>
    <polygon type="polygon">
      <point x="300" y="100" />
      <point x="300" y="-100" />
      <point x="270" y="-100" />
      <point x="270" y="100" />
    </polygon>
  </symbol>
  <component name="EEFSX0J151ER" designatorprefix="C" height="0" footprint="SX_Package">
    <comppin designator="1" sympin="1" pinswap="0" gateswap="0" gate="1" group="1" side="" type="Any" name="+" />
    <comppin designator="2" sympin="2" pinswap="0" gateswap="0" gate="1" group="1" side="" type="Any" name="-" />
    <attached_symbol gate="1" name="EEFSX0J151ER" />
    <pinmap designator="1" footprintpin="1" />
    <pinmap designator="2" footprintpin="2" />
    <text name="Datasheet" originx="0" originy="0" style="Default" rotation="0" justify="" flipped="False" hidden="True" data="http://industrial.panasonic.com/cdbs/www-data/pdf/ABE0000/ABE0000C79.pdf" />
    <text name="Description" originx="0" originy="0" style="Default" rotation="0" justify="" flipped="False" hidden="True" data="Cap Aluminum Polymer 150uF 6.3VDC 20% (7.3 X 4.3 X 1.9mm) SMD 0.009 Ohm 6300mA 2000h 105C T/R" />
    <text name="Farnell Part Number" originx="0" originy="0" style="Default" rotation="0" justify="" flipped="False" hidden="True" data="" />
    <text name="Farnell Price/Stock" originx="0" originy="0" style="Default" rotation="0" justify="" flipped="False" hidden="True" data="" />
    <text name="Manufacturer_Name" originx="0" originy="0" style="Default" rotation="0" justify="" flipped="False" hidden="True" data="Panasonic" />
    <text name="Manufacturer_Part_Number" originx="350" originy="150" style="Default" rotation="0" justify="left" flipped="False" hidden="False" data="EEFSX0J151ER" />
  </component>
</quadcept_library>
