<?xml version="1.0" encoding="utf-8"?>
<!--/225033/1780402/2.50/2/2/Diode/-->
<quadcept_library>
  <setting unit="mil" />
  <textstyle name="Default" height="47.244094488189" strokewidth="7.8740157480315" charwidth="47.244094488189" />
  <textstyle name="Dimension" height="19.6850393700787" strokewidth="0" charwidth="19.6850393700787" />
  <textstyle name="H127W0635TH00762" height="50" strokewidth="3" charwidth="25" />
  <textstyle name="H15W15TH02" height="59.0551181102362" strokewidth="7.8740157480315" charwidth="59.0551181102362" />
  <padstyle name="r305_200" surface="True" plated="False" isvia="False" nopaste="False" nomask="True" complex="False" holesize="0">
    <padshape layer="TOP" shape="rectangle" width="78.740157480314" height="120.07874015748" />
    <padshape layer="TOP_SOLDER_MASK" shape="rectangle" width="86.614173228345" height="127.95275590551" />
    <padshape layer="TOP_SOLDER_PASTE" shape="rectangle" width="78.740157480314" height="120.07874015748" />
  </padstyle>
  <footprint name="DIOM7958X256N" originx="0" originy="0" pickpointx="0" pickpointy="0">
    <pcbpin number="1" name="1" style="r305_200" originx="-141.73228346457" originy="0" rotation="0" />
    <pcbpin number="2" name="2" style="r305_200" originx="141.73228346457" originy="0" rotation="0" />
    <line layer="TOP_PLACE_BOUND" originx="-190.94488188976" originy="129.92125984252" endx="190.94488188976" endy="129.92125984252" width="1.9685039370079" />
    <line layer="TOP_PLACE_BOUND" originx="190.94488188976" originy="129.92125984252" endx="190.94488188976" endy="-129.92125984252" width="1.9685039370079" />
    <line layer="TOP_PLACE_BOUND" originx="190.94488188976" originy="-129.92125984252" endx="-190.94488188976" endy="-129.92125984252" width="1.9685039370079" />
    <line layer="TOP_PLACE_BOUND" originx="-190.94488188976" originy="-129.92125984252" endx="-190.94488188976" endy="129.92125984252" width="1.9685039370079" />
    <line layer="TOP_ASSEMBLY" originx="-156.29921259842" originy="115.03937007874" endx="156.29921259842" endy="115.03937007874" width="3.9370078740157" />
    <line layer="TOP_ASSEMBLY" originx="156.29921259842" originy="115.03937007874" endx="156.29921259842" endy="-115.03937007874" width="3.9370078740157" />
    <line layer="TOP_ASSEMBLY" originx="156.29921259842" originy="-115.03937007874" endx="-156.29921259842" endy="-115.03937007874" width="3.9370078740157" />
    <line layer="TOP_ASSEMBLY" originx="-156.29921259842" originy="-115.03937007874" endx="-156.29921259842" endy="115.03937007874" width="3.9370078740157" />
    <line layer="TOP_ASSEMBLY" originx="-156.29921259842" originy="75.669291338582" endx="-116.92913385827" endy="115.03937007874" width="3.9370078740157" />
    <line layer="TOP_SILKSCREEN" originx="156.29921259842" originy="115.03937007874" endx="-181.10236220472" endy="115.03937007874" width="7.8740157480314" />
    <line layer="TOP_SILKSCREEN" originx="-156.29921259842" originy="-115.03937007874" endx="156.29921259842" endy="-115.03937007874" width="7.8740157480314" />
  </footprint>
  <symbol name="MBRS540T3G" originx="0" originy="0">
    <line originx="200" originy="100" endx="200" endy="-100" width="0" />
    <line originx="100" originy="0" endx="200" endy="0" width="0" />
    <line originx="400" originy="0" endx="500" endy="0" width="0" />
    <sympin number="1" originx="100" originy="0" rotation="180" length="100" width="7.8740157480315" flipped="False">
      <text name="pinname" originx="140" originy="10" style="Default" rotation="0" justify="left" flipped="False" hidden="True" data="K" />
      <text name="pindes" originx="60" originy="10" style="Default" rotation="0" justify="lowerright" flipped="False" hidden="False" data="1" />
    </sympin>
    <sympin number="2" originx="500" originy="0" rotation="0" length="100" width="7.8740157480315" flipped="False">
      <text name="pinname" originx="460" originy="10" style="Default" rotation="0" justify="right" flipped="False" hidden="True" data="A" />
      <text name="pindes" originx="540" originy="10" style="Default" rotation="0" justify="lowerleft" flipped="False" hidden="False" data="2" />
    </sympin>
    <polygon type="polygon">
      <point x="200" y="0" />
      <point x="400" y="100" />
      <point x="400" y="-100" />
    </polygon>
  </symbol>
  <component name="MBRS540T3G" designatorprefix="D" height="100.7874015748" footprint="DIOM7958X256N">
    <comppin designator="1" sympin="1" pinswap="0" gateswap="0" gate="1" group="1" side="" type="Any" name="K" />
    <comppin designator="2" sympin="2" pinswap="0" gateswap="0" gate="1" group="1" side="" type="Any" name="A" />
    <attached_symbol gate="1" name="MBRS540T3G" />
    <pinmap designator="1" footprintpin="1" />
    <pinmap designator="2" footprintpin="2" />
    <text name="Datasheet" originx="0" originy="0" style="Default" rotation="0" justify="" flipped="False" hidden="True" data="https://www.onsemi.com/pub/Collateral/MBRS540T3-D.PDF" />
    <text name="Description" originx="0" originy="0" style="Default" rotation="0" justify="" flipped="False" hidden="True" data="Compact Surface Mountable Package with J-Bend leads; Rectangular Package for Automated Handling; Highly Stable Oxide Passivated Junction; Excellent Ability to Withstand Reverse Avalanche Energy Transients; Guardring for Stress Protection; Cathode Lead Indicated by polarity Notch; ESD Ratings, Machine Model = C, Human Body Model = 3B; Device Meets MSL 1 Requirements; Pb-Free Package is Available; AEC-Q101 Qualified and PPAP Capable; NRVB Prefix for Automotive and Other Applications Requiring Unique Site and " />
    <text name="Farnell Part Number" originx="0" originy="0" style="Default" rotation="0" justify="" flipped="False" hidden="True" data="" />
    <text name="Farnell Price/Stock" originx="0" originy="0" style="Default" rotation="0" justify="" flipped="False" hidden="True" data="" />
    <text name="Manufacturer_Name" originx="0" originy="0" style="Default" rotation="0" justify="" flipped="False" hidden="True" data="onsemi" />
    <text name="Manufacturer_Part_Number" originx="450" originy="100" style="Default" rotation="0" justify="left" flipped="False" hidden="False" data="MBRS540T3G" />
  </component>
</quadcept_library>
